{
    "train_clf_loss": 0.7149358987808228,
    "train_clf_loss_step": 0.7160638570785522,
    "train_debias_loss": 1.2125110626220703,
    "train_debias_loss_step": 0.730431318283081,
    "train_loss": 1.927446961402893,
    "train_loss_step": 1.4464951753616333,
    "val_loss": 0.6917178630828857,
    "val_auroc": 0.578125,
    "val_fairness_demographic_parity_difference": 0.10000000149011612,
    "val_fairness_equal_opportunity_difference": 0.5,
    "val_fairness_tpr_subgroup_0": 0.5,
    "val_fairness_tpr_subgroup_1": 0.0,
    "val_fairness_selection_rate_subgroup_0": 0.20000000298023224,
    "val_fairness_selection_rate_subgroup_1": 0.10000000149011612,
    "train_clf_loss_epoch": 0.7149358987808228,
    "train_debias_loss_epoch": 1.2125110626220703,
    "train_loss_epoch": 1.927446961402893,
    "train_auroc": 0.5312820076942444,
    "model_type": "vit",
    "dataset_type": "mock",
    "epochs": 1,
    "lr": 0.0001,
    "batch_size": 32,
    "debias": true
}